target_id,repo_reported,repo_normalized,fqcn,target_class,pr,url,state,cutoff_date,base_ref_sha,base_sha,head_sha,merge_sha,submitted_sha,outcome_sha,outcome_provenance,original_target_test_path,outcome_target_test_path,outcome_change_type,prepared_local_snapshot,base_snapshot,submitted_snapshot,outcome_snapshot,contribution_diff,contribution_fragment,contributed_added_lines,snapshot_available,contribution_metrics_available,coverage_metrics_available
T14,hazelcast/hazelcast,hazelcast/hazelcast,com.hazelcast.config.ConfigXmlGenerator,ConfigXmlGenerator,26596,https://github.com/hazelcast/hazelcast/pull/26596,open,2026-08-12,8868160760f2d2aed8fef1b6407cee210e738873,8f9cfe248b1e4cf108f7315ae3e1756f7d74c90e,d45fe97d4511b4f4a3e492b3655f81efdad680d5,,d45fe97d4511b4f4a3e492b3655f81efdad680d5,d45fe97d4511b4f4a3e492b3655f81efdad680d5,latest_head_at_cutoff,hazelcast/src/test/java/com/hazelcast/config/ConfigXmlGeneratorTest.java,hazelcast/src/test/java/com/hazelcast/config/ConfigXmlGeneratorTest.java,MODIFIED,pipeline-output/pull-requests/tests/T14-ConfigXmlGeneratorTest.java,experiments/rq4/pr_snapshots/T14/base.java,experiments/rq4/pr_snapshots/T14/submitted.java,experiments/rq4/pr_snapshots/T14/outcome.java,experiments/rq4/pr_snapshots/T14/contributed.diff,experiments/rq4/pr_snapshots/T14/contributed_additions.java.txt,39,yes,yes,yes
T03,apache/iceberg,apache/iceberg,org.apache.iceberg.TableMetadata,TableMetadata,17020,https://github.com/apache/iceberg/pull/17020,open,2026-08-12,8c1ee9d9df4184a7889f85f6a9e1f82f959e0eaf,8c1ee9d9df4184a7889f85f6a9e1f82f959e0eaf,998bc1ae8767f9c8fd65beead5ee87c8e617e921,,998bc1ae8767f9c8fd65beead5ee87c8e617e921,998bc1ae8767f9c8fd65beead5ee87c8e617e921,latest_head_at_cutoff,core/src/test/java/org/apache/iceberg/TestTableMetadata.java,core/src/test/java/org/apache/iceberg/TestTableMetadata.java,MODIFIED,pipeline-output/pull-requests/tests/T03-TestTableMetadata.java,experiments/rq4/pr_snapshots/T03/base.java,experiments/rq4/pr_snapshots/T03/submitted.java,experiments/rq4/pr_snapshots/T03/outcome.java,experiments/rq4/pr_snapshots/T03/contributed.diff,experiments/rq4/pr_snapshots/T03/contributed_additions.java.txt,72,yes,yes,yes
T12,jetty/jetty.project,jetty/jetty.project,org.eclipse.jetty.ee9.nested.ContextHandler,ContextHandler,15332,https://github.com/jetty/jetty.project/pull/15332,open,2026-08-12,95efeb2bf041bc6b7a5da91b281499592417371b,95efeb2bf041bc6b7a5da91b281499592417371b,d094c96d9c0d2f8b4a29c7ff3988a3f4c2cfe392,,d094c96d9c0d2f8b4a29c7ff3988a3f4c2cfe392,d094c96d9c0d2f8b4a29c7ff3988a3f4c2cfe392,latest_head_at_cutoff,jetty-ee9/jetty-ee9-nested/src/test/java/org/eclipse/jetty/ee9/nested/ContextHandlerTest.java,jetty-ee9/jetty-ee9-nested/src/test/java/org/eclipse/jetty/ee9/nested/ContextHandlerTest.java,MODIFIED,pipeline-output/pull-requests/tests/T12-ContextHandlerTest.java,experiments/rq4/pr_snapshots/T12/base.java,experiments/rq4/pr_snapshots/T12/submitted.java,experiments/rq4/pr_snapshots/T12/outcome.java,experiments/rq4/pr_snapshots/T12/contributed.diff,experiments/rq4/pr_snapshots/T12/contributed_additions.java.txt,59,yes,yes,yes
T21,opentripplanner/OpenTripPlanner,opentripplanner/opentripplanner,org.opentripplanner.transit.service.DefaultTransitService,DefaultTransitService,7793,https://github.com/opentripplanner/OpenTripPlanner/pull/7793,merged,2026-08-12,063665f74d43f3322769b6243ea892b9802bf651,063665f74d43f3322769b6243ea892b9802bf651,20e7a1e331915e3561a9ab99e695f732c96dff59,ce9c00209b9575f0f23ca8c3fd951a932edae122,20e7a1e331915e3561a9ab99e695f732c96dff59,ce9c00209b9575f0f23ca8c3fd951a932edae122,merged_test_code,application/src/test/java/org/opentripplanner/transit/service/DefaultTransitServiceTest.java,application/src/test/java/org/opentripplanner/transit/service/DefaultTransitServiceTest.java,MODIFIED,pipeline-output/pull-requests/tests/T21-DefaultTransitServiceTest.java,experiments/rq4/pr_snapshots/T21/base.java,experiments/rq4/pr_snapshots/T21/submitted.java,experiments/rq4/pr_snapshots/T21/outcome.java,experiments/rq4/pr_snapshots/T21/contributed.diff,experiments/rq4/pr_snapshots/T21/contributed_additions.java.txt,39,yes,yes,yes
T23,orientechnologies/orientdb,orientechnologies/orientdb,com.orientechnologies.orient.core.sql.parser.OMatchStatement,OMatchStatement,10812,https://github.com/orientechnologies/orientdb/pull/10812,merged,2026-08-12,2aad5bbf2e095d3ee78ac897d081ebd45ff135c3,20ac246eb62a89d78d784974de0fd2a36752b2d8,e6b42d7420012c127e888bfe41b064a0d0891187,b54cb4ed13021b6709fb13b4989359e6d51238fd,e6b42d7420012c127e888bfe41b064a0d0891187,b54cb4ed13021b6709fb13b4989359e6d51238fd,merged_test_code,core/src/test/java/com/orientechnologies/orient/core/sql/parser/OMatchStatementTest.java,core/src/test/java/com/orientechnologies/orient/core/sql/parser/OMatchStatementTest.java,MODIFIED,pipeline-output/pull-requests/tests/T23-OMatchStatementTest.java,experiments/rq4/pr_snapshots/T23/base.java,experiments/rq4/pr_snapshots/T23/submitted.java,experiments/rq4/pr_snapshots/T23/outcome.java,experiments/rq4/pr_snapshots/T23/contributed.diff,experiments/rq4/pr_snapshots/T23/contributed_additions.java.txt,52,yes,yes,yes
T31,skylot/jadx,skylot/jadx,jadx.api.JadxDecompiler,JadxDecompiler,2901,https://github.com/skylot/jadx/pull/2901,merged,2026-08-12,aaec137830f217ab5f69d2b64279433c1775a22a,aaec137830f217ab5f69d2b64279433c1775a22a,c4c14681d7978a5e891f75417fedb197881518ac,c70f2c5790f21c79e9e6fe5445a2f400fbefee5b,c4c14681d7978a5e891f75417fedb197881518ac,c70f2c5790f21c79e9e6fe5445a2f400fbefee5b,merged_test_code,jadx-core/src/test/java/jadx/api/JadxDecompilerTest.java,jadx-core/src/test/java/jadx/api/JadxDecompilerTest.java,MODIFIED,pipeline-output/pull-requests/tests/T31-JadxDecompilerTest.java,experiments/rq4/pr_snapshots/T31/base.java,experiments/rq4/pr_snapshots/T31/submitted.java,experiments/rq4/pr_snapshots/T31/outcome.java,experiments/rq4/pr_snapshots/T31/contributed.diff,experiments/rq4/pr_snapshots/T31/contributed_additions.java.txt,41,yes,yes,yes
T25,quarkusio/quarkus,quarkusio/quarkus,io.quarkus.qute.deployment.QuteProcessor,QuteProcessor,55134,https://github.com/quarkusio/quarkus/pull/55134,merged,2026-08-12,0f57ebc76c1487c4438471ecdd31a047ffbf50ca,5b8508beac194241cbe9a4cbf2520c6ca8340e58,870272ab2682316b9c89aa46bb2ae88850d03f65,44e88ef2e3f0f18789351446848614d38b5dc87f,870272ab2682316b9c89aa46bb2ae88850d03f65,44e88ef2e3f0f18789351446848614d38b5dc87f,merged_test_code,extensions/qute/deployment/src/test/java/io/quarkus/qute/deployment/QuteProcessorTest.java,extensions/qute/deployment/src/test/java/io/quarkus/qute/deployment/QuteProcessorTest.java,MODIFIED,pipeline-output/pull-requests/tests/T25-QuteProcessorTest.java,experiments/rq4/pr_snapshots/T25/base.java,experiments/rq4/pr_snapshots/T25/submitted.java,experiments/rq4/pr_snapshots/T25/outcome.java,experiments/rq4/pr_snapshots/T25/contributed.diff,experiments/rq4/pr_snapshots/T25/contributed_additions.java.txt,40,yes,yes,yes
T10,codecentric/spring-boot-admin,codecentric/spring-boot-admin,de.codecentric.boot.admin.server.ui.web.UiController,UiController,5481,https://github.com/codecentric/spring-boot-admin/pull/5481,merged,2026-08-12,b72efa27bb8a5a6e4f84ca7e2867e903a0d8ddde,b72efa27bb8a5a6e4f84ca7e2867e903a0d8ddde,89973c4cd15588beb229ae6c34b6f6e35e354c3f,c9e4d5456abb77aff2c515c9b2f3ea8f4e961e8a,89973c4cd15588beb229ae6c34b6f6e35e354c3f,c9e4d5456abb77aff2c515c9b2f3ea8f4e961e8a,merged_test_code,spring-boot-admin-server-ui/src/test/java/de/codecentric/boot/admin/server/ui/web/UiControllerTest.java,spring-boot-admin-server-ui/src/test/java/de/codecentric/boot/admin/server/ui/web/UiControllerTest.java,MODIFIED,pipeline-output/pull-requests/tests/T10-UiControllerTest.java,experiments/rq4/pr_snapshots/T10/base.java,experiments/rq4/pr_snapshots/T10/submitted.java,experiments/rq4/pr_snapshots/T10/outcome.java,experiments/rq4/pr_snapshots/T10/contributed.diff,experiments/rq4/pr_snapshots/T10/contributed_additions.java.txt,65,yes,yes,yes
T19,OpenAPITools/openapi-generator,openapitools/openapi-generator,org.openapitools.codegen.languages.JavaClientCodegen,JavaClientCodegen,24203,https://github.com/OpenAPITools/openapi-generator/pull/24203,merged,2026-08-12,df45e93136c0a8243fa18daf541be50a53ad9f3d,df45e93136c0a8243fa18daf541be50a53ad9f3d,83cc8cab90941e05fe5ee7535c9e6c73847e0336,ca63448da939741e5710e0909745a693de643ffa,83cc8cab90941e05fe5ee7535c9e6c73847e0336,ca63448da939741e5710e0909745a693de643ffa,merged_test_code,modules/openapi-generator/src/test/java/org/openapitools/codegen/java/JavaClientCodegenTest.java,modules/openapi-generator/src/test/java/org/openapitools/codegen/java/JavaClientCodegenTest.java,MODIFIED,pipeline-output/pull-requests/tests/T19-JavaClientCodegenTest.java,experiments/rq4/pr_snapshots/T19/base.java,experiments/rq4/pr_snapshots/T19/submitted.java,experiments/rq4/pr_snapshots/T19/outcome.java,experiments/rq4/pr_snapshots/T19/contributed.diff,experiments/rq4/pr_snapshots/T19/contributed_additions.java.txt,37,yes,yes,yes
T28,aeron-io/aeron,aeron-io/aeron,io.aeron.Subscription,Subscription,2087,https://github.com/aeron-io/aeron/pull/2087,closed,2026-08-12,462cad09583ca28aa2698cb761a59d164fc722e3,462cad09583ca28aa2698cb761a59d164fc722e3,7f3d6d34c7e63d459756a44f63b821e96d1c1d72,,7f3d6d34c7e63d459756a44f63b821e96d1c1d72,7f3d6d34c7e63d459756a44f63b821e96d1c1d72,last_submitted_head,aeron-client/src/test/java/io/aeron/SubscriptionTest.java,aeron-client/src/test/java/io/aeron/SubscriptionTest.java,MODIFIED,pipeline-output/pull-requests/tests/T28-SubscriptionTest.java,experiments/rq4/pr_snapshots/T28/base.java,experiments/rq4/pr_snapshots/T28/submitted.java,experiments/rq4/pr_snapshots/T28/outcome.java,experiments/rq4/pr_snapshots/T28/contributed.diff,experiments/rq4/pr_snapshots/T28/contributed_additions.java.txt,41,yes,yes,yes
T32,skylot/jadx,skylot/jadx,jadx.core.codegen.ClassGen,ClassGen,2910,https://github.com/skylot/jadx/pull/2910,closed,2026-08-12,ae6a24b6e1f58e56691f7e7cc63b0a052e8df63a,ada2a85e66d5a7c1ac0e5dd78996e06e15dd2636,6b973d32cf161ebf1f10ebdf9c72eb4eba8f7399,,6b973d32cf161ebf1f10ebdf9c72eb4eba8f7399,6b973d32cf161ebf1f10ebdf9c72eb4eba8f7399,last_submitted_head,jadx-core/src/test/java/jadx/tests/integration/others/TestClassGen.java,jadx-core/src/test/java/jadx/tests/integration/others/TestClassGen.java,MODIFIED,pipeline-output/pull-requests/tests/T32-TestClassGen.java,experiments/rq4/pr_snapshots/T32/base.java,experiments/rq4/pr_snapshots/T32/submitted.java,experiments/rq4/pr_snapshots/T32/outcome.java,experiments/rq4/pr_snapshots/T32/contributed.diff,experiments/rq4/pr_snapshots/T32/contributed_additions.java.txt,41,yes,yes,yes
T29,aeron-io/aeron,aeron-io/aeron,io.aeron.cluster.client.AeronCluster,AeronCluster,2091,https://github.com/aeron-io/aeron/pull/2091,open,2026-08-12,e3fe1f2feaccfa4c768df5b9e1f4462a77995713,34eb9c718e83e7996ffa826daf73c8a357a4dfb1,3a4c7c5fc19f0d4c18c79fc49eb715fb9d9e64d7,,3a4c7c5fc19f0d4c18c79fc49eb715fb9d9e64d7,3a4c7c5fc19f0d4c18c79fc49eb715fb9d9e64d7,latest_head_at_cutoff,aeron-cluster/src/test/java/io/aeron/cluster/client/AeronClusterContextTest.java,aeron-cluster/src/test/java/io/aeron/cluster/client/AeronClusterContextTest.java,MODIFIED,pipeline-output/pull-requests/tests/T29-AeronClusterTest.java,experiments/rq4/pr_snapshots/T29/base.java,experiments/rq4/pr_snapshots/T29/submitted.java,experiments/rq4/pr_snapshots/T29/outcome.java,experiments/rq4/pr_snapshots/T29/contributed.diff,experiments/rq4/pr_snapshots/T29/contributed_additions.java.txt,38,yes,yes,yes
T07,Azure/azure-sdk-for-java,azure/azure-sdk-for-java,com.azure.cosmos.implementation.ImplementationBridgeHelpers,ImplementationBridgeHelpers,49724,https://github.com/Azure/azure-sdk-for-java/pull/49724,open,2026-08-12,9073218ec8f424e374c18fea32aebe32d8593186,9073218ec8f424e374c18fea32aebe32d8593186,adaf45623fb55b10671cdb678fc2ca8a8cfbebd6,,adaf45623fb55b10671cdb678fc2ca8a8cfbebd6,adaf45623fb55b10671cdb678fc2ca8a8cfbebd6,latest_head_at_cutoff,sdk/cosmos/azure-cosmos-tests/src/test/java/com/azure/cosmos/implementation/ImplementationBridgeHelpersTest.java,sdk/cosmos/azure-cosmos-tests/src/test/java/com/azure/cosmos/implementation/ImplementationBridgeHelpersTest.java,MODIFIED,pipeline-output/pull-requests/tests/T07-ImplementationBridgeHelpersTest.java,experiments/rq4/pr_snapshots/T07/base.java,experiments/rq4/pr_snapshots/T07/submitted.java,experiments/rq4/pr_snapshots/T07/outcome.java,experiments/rq4/pr_snapshots/T07/contributed.diff,experiments/rq4/pr_snapshots/T07/contributed_additions.java.txt,125,yes,yes,yes
T16,micronaut-projects/micronaut-core,micronaut-projects/micronaut-core,io.micronaut.context.DefaultApplicationContext,DefaultApplicationContext,12774,https://github.com/micronaut-projects/micronaut-core/pull/12774,merged,2026-08-12,0af51db8d452ba1779510dac8fe892677d564027,f9156d44b0e55f924f90663ab565c8edeff8f3b2,bfbb3012cdc7cdef9ae81893a7a673151bb68d47,32b34645500edfc4f72bec72199e377d6f1e042b,bfbb3012cdc7cdef9ae81893a7a673151bb68d47,32b34645500edfc4f72bec72199e377d6f1e042b,merged_test_code,inject/src/test/java/io/micronaut/context/DefaultApplicationContextTest.java,inject/src/test/java/io/micronaut/context/DefaultApplicationContextTest.java,MODIFIED,pipeline-output/pull-requests/tests/T16-DefaultApplicationContextTest.java,experiments/rq4/pr_snapshots/T16/base.java,experiments/rq4/pr_snapshots/T16/submitted.java,experiments/rq4/pr_snapshots/T16/outcome.java,experiments/rq4/pr_snapshots/T16/contributed.diff,experiments/rq4/pr_snapshots/T16/contributed_additions.java.txt,93,yes,yes,yes
T15,javaparser/javaparser,javaparser/javaparser,com.github.javaparser.ast.visitor.CloneVisitor,CloneVisitor,5059,https://github.com/javaparser/javaparser/pull/5059,open,2026-08-12,2ec0219229d3f7f614e7f6b2100c473c32e2fd47,2ec0219229d3f7f614e7f6b2100c473c32e2fd47,77760e0a0434c7c14fa3f083d3e915fee936d110,,77760e0a0434c7c14fa3f083d3e915fee936d110,77760e0a0434c7c14fa3f083d3e915fee936d110,latest_head_at_cutoff,javaparser-core-testing/src/test/java/com/github/javaparser/ast/visitor/CloneVisitorTest.java,javaparser-core-testing/src/test/java/com/github/javaparser/ast/visitor/CloneVisitorTest.java,MODIFIED,pipeline-output/pull-requests/tests/T15-CloneVisitorTest.java,experiments/rq4/pr_snapshots/T15/base.java,experiments/rq4/pr_snapshots/T15/submitted.java,experiments/rq4/pr_snapshots/T15/outcome.java,experiments/rq4/pr_snapshots/T15/contributed.diff,experiments/rq4/pr_snapshots/T15/contributed_additions.java.txt,81,yes,yes,yes
T13,jetty/jetty.project,jetty/jetty.project,org.eclipse.jetty.server.internal.HttpConnection,HttpConnection,15369,https://github.com/jetty/jetty.project/pull/15369,open,2026-08-12,852c52def077bd7878807b2534c36cb618f7b03a,95efeb2bf041bc6b7a5da91b281499592417371b,a87a7a9364194df0e84f18d89e1bef666d5d2562,,a87a7a9364194df0e84f18d89e1bef666d5d2562,a87a7a9364194df0e84f18d89e1bef666d5d2562,latest_head_at_cutoff,jetty-core/jetty-server/src/test/java/org/eclipse/jetty/server/HttpConnectionTest.java,jetty-core/jetty-server/src/test/java/org/eclipse/jetty/server/HttpConnectionTest.java,MODIFIED,pipeline-output/pull-requests/tests/T13-HttpConnectionTest.java,experiments/rq4/pr_snapshots/T13/base.java,experiments/rq4/pr_snapshots/T13/submitted.java,experiments/rq4/pr_snapshots/T13/outcome.java,experiments/rq4/pr_snapshots/T13/contributed.diff,experiments/rq4/pr_snapshots/T13/contributed_additions.java.txt,85,yes,yes,yes
T11,dropwizard/dropwizard,dropwizard/dropwizard,io.dropwizard.jersey.DropwizardResourceConfig,DropwizardResourceConfig,11242,https://github.com/dropwizard/dropwizard/pull/11242,open,2026-08-12,0f7002133d978c8ea00beb6aafc48497d39bbd87,164cdb2b4d5463c310d55eb82ba7fe5208bdf525,561ea64c55514bd997376f4811416f047ec25e1b,,561ea64c55514bd997376f4811416f047ec25e1b,561ea64c55514bd997376f4811416f047ec25e1b,latest_head_at_cutoff,dropwizard-jersey/src/test/java/io/dropwizard/jersey/DropwizardResourceConfigTest.java,dropwizard-jersey/src/test/java/io/dropwizard/jersey/DropwizardResourceConfigTest.java,MODIFIED,pipeline-output/pull-requests/tests/T11-DropwizardResourceConfigTest.java,experiments/rq4/pr_snapshots/T11/base.java,experiments/rq4/pr_snapshots/T11/submitted.java,experiments/rq4/pr_snapshots/T11/outcome.java,experiments/rq4/pr_snapshots/T11/contributed.diff,experiments/rq4/pr_snapshots/T11/contributed_additions.java.txt,50,yes,yes,yes
T09,codecentric/spring-boot-admin,codecentric/spring-boot-admin,de.codecentric.boot.admin.server.ui.config.AdminServerUiAutoConfiguration,AdminServerUiAutoConfiguration,5511,https://github.com/codecentric/spring-boot-admin/pull/5511,merged,2026-08-12,436609aa4266dd2e1a6160d300b72965f068ed09,436609aa4266dd2e1a6160d300b72965f068ed09,af64640712ce64bacbf02bd09d4809dea6c6509f,3d8d3da200f970917a2c8b1137b355fd60c4f020,af64640712ce64bacbf02bd09d4809dea6c6509f,3d8d3da200f970917a2c8b1137b355fd60c4f020,merged_test_code,spring-boot-admin-server-ui/src/test/java/de/codecentric/boot/admin/server/ui/config/AdminServerUiAutoConfigurationTest.java,spring-boot-admin-server-ui/src/test/java/de/codecentric/boot/admin/server/ui/config/AdminServerUiAutoConfigurationTest.java,MODIFIED,pipeline-output/pull-requests/tests/T09-AdminServerUiAutoConfigurationTest.java,experiments/rq4/pr_snapshots/T09/base.java,experiments/rq4/pr_snapshots/T09/submitted.java,experiments/rq4/pr_snapshots/T09/outcome.java,experiments/rq4/pr_snapshots/T09/contributed.diff,experiments/rq4/pr_snapshots/T09/contributed_additions.java.txt,37,yes,yes,yes
T04,apache/kafka,apache/kafka,org.apache.kafka.clients.consumer.internals.SubscriptionState,SubscriptionState,22757,https://github.com/apache/kafka/pull/22757,open,2026-08-12,a5137f7c38e83bcbcac5a3814313696efc18f3b6,aaca67ceed47b5b10fd90ba10d555227046e5dbb,fc9fc6626aac4a3ed84c60e4f6213ecb7fe1e6d0,,fc9fc6626aac4a3ed84c60e4f6213ecb7fe1e6d0,fc9fc6626aac4a3ed84c60e4f6213ecb7fe1e6d0,latest_head_at_cutoff,clients/src/test/java/org/apache/kafka/clients/consumer/internals/SubscriptionStateTest.java,clients/src/test/java/org/apache/kafka/clients/consumer/internals/SubscriptionStateTest.java,MODIFIED,pipeline-output/pull-requests/tests/T04-SubscriptionStateTest.java,experiments/rq4/pr_snapshots/T04/base.java,experiments/rq4/pr_snapshots/T04/submitted.java,experiments/rq4/pr_snapshots/T04/outcome.java,experiments/rq4/pr_snapshots/T04/contributed.diff,experiments/rq4/pr_snapshots/T04/contributed_additions.java.txt,64,yes,yes,yes
T01,alibaba/druid,alibaba/druid,com.alibaba.druid.pool.DruidDataSource,DruidDataSource,6658,https://github.com/alibaba/druid/pull/6658,merged,2026-08-12,899c27609705335c9dd9608fc4b5ca28d7885155,0edb8fd8154aa59d11728b009364d7d0b2ca36e9,761838545fd84938f184f94f2631a9590133d987,7ac3e458c474eea747cbd08c0e51916ad591db36,761838545fd84938f184f94f2631a9590133d987,7ac3e458c474eea747cbd08c0e51916ad591db36,merged_test_code,core/src/test/java/com/alibaba/druid/pool/DruidDataSourceTest.java,core/src/test/java/com/alibaba/druid/pool/DruidDataSourceTest.java,MODIFIED,pipeline-output/pull-requests/tests/T01-DruidDataSourceTest.java,experiments/rq4/pr_snapshots/T01/base.java,experiments/rq4/pr_snapshots/T01/submitted.java,experiments/rq4/pr_snapshots/T01/outcome.java,experiments/rq4/pr_snapshots/T01/contributed.diff,experiments/rq4/pr_snapshots/T01/contributed_additions.java.txt,71,yes,yes,yes
T18,open-telemetry/opentelemetry-java-instrumentation,open-telemetry/opentelemetry-java-instrumentation,io.opentelemetry.instrumentation.api.instrumenter.Instrumenter,Instrumenter,19123,https://github.com/open-telemetry/opentelemetry-java-instrumentation/pull/19123,merged,2026-08-12,c0bfa52064a3c566aaa260918faef7d8bcd45c62,daf2a048bff87eedaa75192297239725901db106,6209a2c4f1f524e6e68fd92ccfd7de2bf9d5625d,a9ee0c25c6991d969bd76a9d57a21f0d2fbf73a3,6209a2c4f1f524e6e68fd92ccfd7de2bf9d5625d,a9ee0c25c6991d969bd76a9d57a21f0d2fbf73a3,merged_test_code,instrumentation-api/src/test/java/io/opentelemetry/instrumentation/api/instrumenter/InstrumenterTest.java,instrumentation-api/src/test/java/io/opentelemetry/instrumentation/api/instrumenter/InstrumenterTest.java,MODIFIED,pipeline-output/pull-requests/tests/T18-InstrumenterTest.java,experiments/rq4/pr_snapshots/T18/base.java,experiments/rq4/pr_snapshots/T18/submitted.java,experiments/rq4/pr_snapshots/T18/outcome.java,experiments/rq4/pr_snapshots/T18/contributed.diff,experiments/rq4/pr_snapshots/T18/contributed_additions.java.txt,79,yes,yes,yes
T24,pmd/pmd,pmd/pmd,net.sourceforge.pmd.PmdAnalysis,PmdAnalysis,6829,https://github.com/pmd/pmd/pull/6829,merged,2026-08-12,41934bf99872a79c3dc81a5245a72f04c6630e5d,41934bf99872a79c3dc81a5245a72f04c6630e5d,bad1d232cb3ffdd06bbf2fbce277fac59f2462fc,87e1f39f41b6ba6ae894f88ddb3e80a75ebf82ca,bad1d232cb3ffdd06bbf2fbce277fac59f2462fc,87e1f39f41b6ba6ae894f88ddb3e80a75ebf82ca,merged_test_code,pmd-core/src/test/java/net/sourceforge/pmd/PmdAnalysisTest.java,pmd-core/src/test/java/net/sourceforge/pmd/PmdAnalysisTest.java,MODIFIED,pipeline-output/pull-requests/tests/T24-PmdAnalysisTest.java,experiments/rq4/pr_snapshots/T24/base.java,experiments/rq4/pr_snapshots/T24/submitted.java,experiments/rq4/pr_snapshots/T24/outcome.java,experiments/rq4/pr_snapshots/T24/contributed.diff,experiments/rq4/pr_snapshots/T24/contributed_additions.java.txt,41,yes,yes,yes
T27,reactor/reactor-core,reactor/reactor-core,reactor.core.publisher.Operators,Operators,4305,https://github.com/reactor/reactor-core/pull/4305,open,2026-08-12,074177c03aa52c78c3039a5a2f44bad311ef5e65,60e3e4d8e5f10992d8d7acee75a5caa58eda1e68,6f4d007efa4255b8fd962ca06efcff689093a48e,,6f4d007efa4255b8fd962ca06efcff689093a48e,6f4d007efa4255b8fd962ca06efcff689093a48e,latest_head_at_cutoff,reactor-core/src/test/java/reactor/core/publisher/OperatorsTest.java,reactor-core/src/test/java/reactor/core/publisher/OperatorsTest.java,MODIFIED,pipeline-output/pull-requests/tests/T27-OperatorsTest.java,experiments/rq4/pr_snapshots/T27/base.java,experiments/rq4/pr_snapshots/T27/submitted.java,experiments/rq4/pr_snapshots/T27/outcome.java,experiments/rq4/pr_snapshots/T27/contributed.diff,experiments/rq4/pr_snapshots/T27/contributed_additions.java.txt,18,yes,yes,yes
T02,apache/flink,apache/flink,org.apache.flink.runtime.checkpoint.CheckpointCoordinator,CheckpointCoordinator,28591,https://github.com/apache/flink/pull/28591,open,2026-08-12,ce4cec57bc654433a8a23f116ca6fc7f0bf0ec15,ce4cec57bc654433a8a23f116ca6fc7f0bf0ec15,e4fe6ff7003674fddb74ca77914adcbb3605d0f9,,e4fe6ff7003674fddb74ca77914adcbb3605d0f9,e4fe6ff7003674fddb74ca77914adcbb3605d0f9,latest_head_at_cutoff,flink-runtime/src/test/java/org/apache/flink/runtime/checkpoint/CheckpointCoordinatorTest.java,flink-runtime/src/test/java/org/apache/flink/runtime/checkpoint/CheckpointCoordinatorTest.java,MODIFIED,pipeline-output/pull-requests/tests/T02-CheckpointCoordinatorTest.java,experiments/rq4/pr_snapshots/T02/base.java,experiments/rq4/pr_snapshots/T02/submitted.java,experiments/rq4/pr_snapshots/T02/outcome.java,experiments/rq4/pr_snapshots/T02/contributed.diff,experiments/rq4/pr_snapshots/T02/contributed_additions.java.txt,83,yes,yes,yes
T30,apache/incubator-seata,apache/incubator-seata,io.seata.config.FileConfiguration,FileConfiguration,8151,https://github.com/apache/incubator-seata/pull/8151,open,2026-08-12,d7ad0f5b70f65bb3967c18ae015c61fca99637be,d7ad0f5b70f65bb3967c18ae015c61fca99637be,5c2a0fd9b5acd893ad7a34aba1bb4fd0fff8385e,,5c2a0fd9b5acd893ad7a34aba1bb4fd0fff8385e,5c2a0fd9b5acd893ad7a34aba1bb4fd0fff8385e,latest_head_at_cutoff,config/seata-config-core/src/test/java/org/apache/seata/config/FileConfigurationTest.java,config/seata-config-core/src/test/java/org/apache/seata/config/FileConfigurationTest.java,MODIFIED,pipeline-output/pull-requests/tests/T30-FileConfigurationTest.java,experiments/rq4/pr_snapshots/T30/base.java,experiments/rq4/pr_snapshots/T30/submitted.java,experiments/rq4/pr_snapshots/T30/outcome.java,experiments/rq4/pr_snapshots/T30/contributed.diff,experiments/rq4/pr_snapshots/T30/contributed_additions.java.txt,55,yes,yes,yes
T20,opentripplanner/OpenTripPlanner,opentripplanner/opentripplanner,org.opentripplanner.routing.linking.VertexLinker,VertexLinker,7770,https://github.com/opentripplanner/OpenTripPlanner/pull/7770,merged,2026-08-12,22746a0994696f3ada55eb99937f50467495de31,22746a0994696f3ada55eb99937f50467495de31,ee77e75b2129350adfde8b11e7242d97af5341f0,bb10ac92faf7aef9ae233428e4cd0d2674476c29,ee77e75b2129350adfde8b11e7242d97af5341f0,bb10ac92faf7aef9ae233428e4cd0d2674476c29,merged_test_code,street/src/test/java/org/opentripplanner/street/linking/PlatformLinkingTest.java,street/src/test/java/org/opentripplanner/street/linking/PermanentAreaVertexLinkingTest.java,ADDED,pipeline-output/pull-requests/tests/T20-VertexLinkerTest.java,experiments/rq4/pr_snapshots/T20/base.java,experiments/rq4/pr_snapshots/T20/submitted.java,experiments/rq4/pr_snapshots/T20/outcome.java,experiments/rq4/pr_snapshots/T20/contributed.diff,experiments/rq4/pr_snapshots/T20/contributed_additions.java.txt,72,yes,yes,yes
T22,orientechnologies/orientdb,orientechnologies/orientdb,com.orientechnologies.orient.core.record.impl.ODocument,ODocument,10814,https://github.com/orientechnologies/orientdb/pull/10814,open,2026-08-12,9f6052a4454f1f5ca37778df106412cdd34e552c,b54cb4ed13021b6709fb13b4989359e6d51238fd,fc72c208075814254df049c0b07b840bac69c45b,,fc72c208075814254df049c0b07b840bac69c45b,fc72c208075814254df049c0b07b840bac69c45b,latest_head_at_cutoff,core/src/test/java/com/orientechnologies/orient/core/record/impl/ODocumentTest.java,core/src/test/java/com/orientechnologies/orient/core/record/impl/ODocumentTest.java,MODIFIED,pipeline-output/pull-requests/tests/T22-ODocumentTest.java,experiments/rq4/pr_snapshots/T22/base.java,experiments/rq4/pr_snapshots/T22/submitted.java,experiments/rq4/pr_snapshots/T22/outcome.java,experiments/rq4/pr_snapshots/T22/contributed.diff,experiments/rq4/pr_snapshots/T22/contributed_additions.java.txt,52,yes,yes,yes
T08,camunda/camunda,camunda/camunda,io.camunda.exporter.DefaultExporterResourceProvider,DefaultExporterResourceProvider,59039,https://github.com/camunda/camunda/pull/59039,open,2026-08-12,6b40afc9857cdbe222c76f59349f1ace7b2afd27,6b40afc9857cdbe222c76f59349f1ace7b2afd27,b7d2ca010cc1b2a0f419ff6787892cf8360084f8,,b7d2ca010cc1b2a0f419ff6787892cf8360084f8,b7d2ca010cc1b2a0f419ff6787892cf8360084f8,latest_head_at_cutoff,zeebe/exporters/camunda-exporter/src/test/java/io/camunda/exporter/DefaultExporterResourceProviderTest.java,zeebe/exporters/camunda-exporter/src/test/java/io/camunda/exporter/DefaultExporterResourceProviderTest.java,MODIFIED,pipeline-output/pull-requests/tests/T08-DefaultExporterResourceProviderTest.java,experiments/rq4/pr_snapshots/T08/base.java,experiments/rq4/pr_snapshots/T08/submitted.java,experiments/rq4/pr_snapshots/T08/outcome.java,experiments/rq4/pr_snapshots/T08/contributed.diff,experiments/rq4/pr_snapshots/T08/contributed_additions.java.txt,124,yes,yes,yes
T17,micronaut-projects/micronaut-core,micronaut-projects/micronaut-core,io.micronaut.context.DefaultBeanContext,DefaultBeanContext,12758,https://github.com/micronaut-projects/micronaut-core/pull/12758,open,2026-08-12,c4e938a52ee457ae53535a9064bdb18b7ecd8bab,f9156d44b0e55f924f90663ab565c8edeff8f3b2,7b02b98e32e4bba609e63ace86203a7f87e7b6ba,,7b02b98e32e4bba609e63ace86203a7f87e7b6ba,7b02b98e32e4bba609e63ace86203a7f87e7b6ba,latest_head_at_cutoff,test-suite/src/test/java/io/micronaut/context/DefaultBeanContextTest.java,test-suite/src/test/java/io/micronaut/context/DefaultBeanContextTest.java,MODIFIED,pipeline-output/pull-requests/tests/T17-DefaultBeanContextTest.java,experiments/rq4/pr_snapshots/T17/base.java,experiments/rq4/pr_snapshots/T17/submitted.java,experiments/rq4/pr_snapshots/T17/outcome.java,experiments/rq4/pr_snapshots/T17/contributed.diff,experiments/rq4/pr_snapshots/T17/contributed_additions.java.txt,96,yes,yes,yes
T06,aws/aws-sdk-java-v2,aws/aws-sdk-java-v2,software.amazon.awssdk.codegen.poet.client.SyncClientClass,SyncClientClass,7066,https://github.com/aws/aws-sdk-java-v2/pull/7066,open,2026-08-12,c03130e6325a3d9723a50c05e7db6d681a1452b3,c03130e6325a3d9723a50c05e7db6d681a1452b3,2e5a6a33b9eb58bdbdb957b96f15ee242dd1619b,,2e5a6a33b9eb58bdbdb957b96f15ee242dd1619b,2e5a6a33b9eb58bdbdb957b96f15ee242dd1619b,latest_head_at_cutoff,codegen/src/test/java/software/amazon/awssdk/codegen/poet/client/SyncClientClassTest.java,codegen/src/test/java/software/amazon/awssdk/codegen/poet/client/SyncClientClassTest.java,MODIFIED,pipeline-output/pull-requests/tests/T06-SyncClientClassTest.java,experiments/rq4/pr_snapshots/T06/base.java,experiments/rq4/pr_snapshots/T06/submitted.java,experiments/rq4/pr_snapshots/T06/outcome.java,experiments/rq4/pr_snapshots/T06/contributed.diff,experiments/rq4/pr_snapshots/T06/contributed_additions.java.txt,50,yes,yes,yes
T26,questdb/questdb,questdb/questdb,io.questdb.ServerMain,ServerMain,7448,https://github.com/questdb/questdb/pull/7448,open,2026-08-12,c4cfd3ba32624628c44a9ad476f579d50e3d015a,c4cfd3ba32624628c44a9ad476f579d50e3d015a,74b046810851fdbe8d6fd211eb12cf4a231d3958,,74b046810851fdbe8d6fd211eb12cf4a231d3958,74b046810851fdbe8d6fd211eb12cf4a231d3958,latest_head_at_cutoff,,core/src/test/java/io/questdb/test/ServerMainTest.java,MODIFIED,pipeline-output/pull-requests/tests/T26-ServerMainTest.java,experiments/rq4/pr_snapshots/T26/base.java,experiments/rq4/pr_snapshots/T26/submitted.java,experiments/rq4/pr_snapshots/T26/outcome.java,experiments/rq4/pr_snapshots/T26/contributed.diff,experiments/rq4/pr_snapshots/T26/contributed_additions.java.txt,64,yes,yes,yes
T05,aws/aws-sdk-java-v2,aws/aws-sdk-java-v2,software.amazon.awssdk.codegen.poet.client.AsyncClientClass,AsyncClientClass,7214,https://github.com/aws/aws-sdk-java-v2/pull/7214,open,2026-08-12,f294ac6c6af6b60cc219b209f87735d1f27614e0,f294ac6c6af6b60cc219b209f87735d1f27614e0,77f56ecb8843c88cb376a26ba1af3443677211f8,,77f56ecb8843c88cb376a26ba1af3443677211f8,77f56ecb8843c88cb376a26ba1af3443677211f8,latest_head_at_cutoff,,codegen/src/test/java/software/amazon/awssdk/codegen/poet/client/AsyncClientClassTest.java,MODIFIED,pipeline-output/pull-requests/tests/T05-AsyncClientClassTest.java,experiments/rq4/pr_snapshots/T05/base.java,experiments/rq4/pr_snapshots/T05/submitted.java,experiments/rq4/pr_snapshots/T05/outcome.java,experiments/rq4/pr_snapshots/T05/contributed.diff,experiments/rq4/pr_snapshots/T05/contributed_additions.java.txt,66,yes,yes,yes
