target_id,repo,manual_test_methods,held_out_methods,repeats,floor_target_id,human_token_jaccard,human_codebleu,human_closeness_score,human_assertion_conformance,human_naming_style_conformance,human_naming_clarity,human_naming_conformance,human_fixture_reuse,human_import_conformance,human_conformance_score,floor_token_jaccard,floor_codebleu,floor_closeness_score,floor_assertion_conformance,floor_naming_style_conformance,floor_naming_clarity,floor_naming_conformance,floor_fixture_reuse,floor_import_conformance,floor_conformance_score
T02_CheckpointCoordinator,apache/flink,58,5,10,T03_TableMetadata,0.5829244357212955,0.3385485730311739,0.4617402942893055,0.8082378789731731,1.0,0.9666666666666667,0.9833333333333334,0.396,1.0,0.7974621945742835,0.10436272774500835,0.25679278580909654,0.18105251043375678,0.6338296824012148,1.0,0.9666666666666667,0.9833333333333334,0.0,0.09375,0.4306104980273614
T03_TableMetadata,apache/iceberg,48,5,10,T04_SubscriptionState,0.44381123465584704,0.264139309908446,0.36276679741615175,0.7536056085326985,1.0,0.9333333333333333,0.9666666666666667,0.3649193548387097,1.0,0.7593763406263406,0.09882044864664441,0.18186237294408722,0.13889129600236155,0.0,1.0,0.9333333333333333,0.9666666666666667,0.0,0.05555555555555555,0.25555555555555554
T04_SubscriptionState,apache/kafka,58,5,10,T05_AsyncClientClass,0.470125786163522,0.2885367949415764,0.3761866364644989,0.891911505981703,0.8235294117647058,0.8962962962962963,0.8469140989729225,0.30090497737556565,1.0,0.75832571347404,0.10891356027743058,0.4306534228262766,0.2687310132845937,0.0,0.4,0.8962962962962963,0.6481481481481481,0.0,0.0,0.16203703703703703
T05_AsyncClientClass,aws/aws-sdk-java-v2,13,5,10,T08_DefaultExporterResourceProvider,0.8,0.7996291122065813,0.7998145561032907,1.0,1.0,0.975,0.9875,0.8571428571428571,1.0,0.9611607142857144,0.12405171492680842,0.2507152099316696,0.1865057115110058,0.0,0.0,0.975,0.4875,0.0,0.0,0.121875
T06_SyncClientClass,aws/aws-sdk-java-v2,11,5,10,T08_DefaultExporterResourceProvider,0.8478260869565217,0.8539728654331554,0.8510271103725112,1.0,1.0,1.0,1.0,0.8571428571428571,1.0,0.9642857142857143,0.12534773359515627,0.24699280162400672,0.18633199983128726,0.0,0.0,1.0,0.5,0.0,0.0,0.125
T08_DefaultExporterResourceProvider,camunda-cloud/zeebe,5,4,10,T09_AdminServerUiAutoConfiguration,0.7227722772277227,0.8033206285877805,0.7664511255801238,0.5,1.0,0.9666666666666667,0.9833333333333334,0.2962962962962963,1.0,0.6949074074074074,0.14123772771125362,0.4012051286774028,0.2714980867267611,0.5,0.0,0.9666666666666667,0.48333333333333334,,0.06976744186046512,0.2765503875968992
T09_AdminServerUiAutoConfiguration,codecentric/spring-boot-admin,5,4,10,T11_DropwizardResourceConfig,0.8842975206611571,0.8484973271032148,0.8715504445464186,0.0,0.75,1.0,0.875,,1.0,0.9375,0.142035072207486,0.23263055539638736,0.18843010733450033,0.5833333333333334,0.7884615384615384,1.0,0.8942307692307692,0.0,0.03125,0.37720352564102566
T10_UiController,codecentric/spring-boot-admin,5,4,10,T11_DropwizardResourceConfig,0.6017699115044248,0.8486244750306168,0.7251971932675207,0.8999999999999999,1.0,1.0,1.0,0.7142857142857143,1.0,0.9035714285714286,0.14682539682539683,0.1880128216586433,0.16631435894404412,0.0,0.0,1.0,0.5,0.6,0.07142857142857142,0.29285714285714287
T11_DropwizardResourceConfig,dropwizard/dropwizard,20,5,10,T12_ContextHandler,0.7103825136612022,0.5862568230394953,0.6499187701971156,0.8475232198142415,1.0,0.9916666666666666,0.9791666666666667,0.786628733997155,1.0,0.9088121112598667,0.13032447489272003,0.1527288009258363,0.14197531342651487,0.0,0.0,0.9916666666666666,0.4958333333333333,0.0,0.13333333333333333,0.15729166666666666
T12_ContextHandler,eclipse/jetty.project,19,5,10,T14_ConfigXmlGenerator,0.5958904109589042,0.4270799520845403,0.5097728527545989,0.8372549019607842,1.0,0.9,0.95,0.10818713450292397,1.0,0.7296698246606335,0.05644259031004077,0.18703735241918007,0.122081446710814,0.0,1.0,0.7,0.85,0.0,0.06382978723404255,0.22845744680851063
T13_HttpConnection,eclipse/jetty.project,58,5,10,T14_ConfigXmlGenerator,0.4742990654205608,0.33949816668963084,0.40616390578767225,0.618348130212537,1.0,0.9366666666666668,0.9683333333333333,0.6794871794871795,1.0,0.8291475885225885,0.07774274235065022,0.18385646078917905,0.1324148620998722,0.034027777777777775,1.0,0.7333333333333333,0.8666666666666667,0.2111111111111111,0.09259259259259259,0.3096164021164021
T14_ConfigXmlGenerator,hazelcast/hazelcast,70,5,10,T15_CloneVisitor,0.3337091319052988,0.2853349621651832,0.3150470456959038,0.9068707028265852,0.876595744680851,0.8625,0.8695656028368794,0.5263741134751774,1.0,0.8216797757638274,0.08100499534332402,0.31530239209143573,0.1970310357414114,0.9588963963963963,0.0,0.8625,0.43125,0.0,0.0,0.3462297809172809
T15_CloneVisitor,javaparser/javaparser,2,1,10,T16_DefaultApplicationContext,0.5051546391752577,0.5201981946985832,0.5126764169369205,1.0,1.0,1.0,1.0,0.6666666666666666,1.0,0.9166666666666666,0.24324324324324326,0.34852224703220835,0.2863239614109585,0.625,1.0,1.0,1.0,,0.0,0.5416666666666666
T16_DefaultApplicationContext,micronaut-projects/micronaut-core,2,1,10,T18_Instrumenter,0.775,0.5047294946060352,0.6398647473030177,0.875,1.0,1.0,1.0,,1.0,0.9583333333333334,0.07865168539325842,0.08439664800435417,0.0813912925540197,0.0,0.4722222222222222,1.0,0.720959595959596,0.0,0.0,0.180239898989899
T18_Instrumenter,open-telemetry/opentelemetry-java-instrumentation,20,5,10,T19_JavaClientCodegen,0.7666666666666667,0.5317776695007501,0.6492221680837085,0.7999835309617919,0.7625,0.8,0.76125,0.5780632411067194,1.0,0.767923741727621,0.06725313664197319,0.15828494023954848,0.11231866612622221,0.19248412138320398,0.08024691358024691,0.8,0.43875000000000003,0.0,0.05128205128205128,0.1707178833390892
T19_JavaClientCodegen,openapitools/openapi-generator,140,5,10,T21_DefaultTransitService,0.33333333333333337,0.24484833186281274,0.28864362880768346,0.46179912015156666,0.691358024691358,0.8916666666666667,0.770679012345679,0.5280303030303031,1.0,0.704094024262433,0.10337703049301795,0.2715871946292546,0.1879689025533605,0.1875,0.0,0.8916666666666667,0.44583333333333336,0.0,0.037037037037037035,0.1743634259259259
T21_DefaultTransitService,opentripplanner/opentripplanner,18,5,10,T22_ODocument,0.8925619834710744,0.7429822805997233,0.8192350886797093,0.7718750000000001,1.0,0.9874458874458875,0.9937229437229438,0.2222222222222222,1.0,0.7457140082140081,0.13616833330474604,0.2369907627032233,0.18644087182972574,0.7656204906204906,0.0,0.9874458874458875,0.49372294372294373,,0.02564102564102564,0.4248649498649498
T22_ODocument,orientechnologies/orientdb,18,5,10,T24_PmdAnalysis,0.6428571428571428,0.40726364616704125,0.525060394512092,0.8589015151515151,1.0,0.9666666666666667,0.9833333333333334,,1.0,0.9505747126436782,0.1451133407655147,0.3470417024015888,0.24559594037727867,0.42857142857142855,1.0,0.9666666666666667,0.9833333333333334,0.0,0.0,0.3494047619047619
T23_OMatchStatement,orientechnologies/orientdb,28,5,10,T24_PmdAnalysis,0.6947368421052632,0.40723555556578767,0.5509861988355254,1.0,1.0,0.9,0.95,0.8248081841432224,1.0,0.94375,0.1452922077922078,0.21151031624601047,0.17935091390690422,0.2857142857142857,1.0,0.7166666666666666,0.8583333333333333,0.0,0.0,0.28541666666666665
T24_PmdAnalysis,pmd/pmd,8,5,10,T25_QuteProcessor,0.7467948717948718,0.7435308392330833,0.7451628555139775,0.47916666666666663,1.0,0.8666666666666666,0.9333333333333333,0.10555555555555556,1.0,0.6256786616161616,0.17475419317524582,0.39549011136564993,0.2865344252926589,0.3484848484848485,1.0,0.8666666666666666,0.9333333333333333,,0.06666666666666667,0.45505050505050504
T25_QuteProcessor,quarkusio/quarkus,2,1,10,T26_ServerMain,0.5952380952380952,0.5396540261796365,0.5674460607088658,0.375,1.0,1.0,1.0,,1.0,0.7916666666666666,0.16420744016149189,0.06688621232132384,0.11516495829616177,0.4967948717948718,1.0,1.0,1.0,0.0,0.08333333333333333,0.3950320512820513
T26_ServerMain,questdb/questdb,11,5,10,T27_Operators,0.49318181818181817,0.2095729781331422,0.35770175683534,0.6217532467532467,1.0,0.9333333333333333,0.9666666666666667,0.09808612440191387,1.0,0.6686507282974674,0.09869333809319043,0.17839056453315066,0.1389412034277649,0.0,0.08695652173913043,0.9333333333333333,0.5210144927536232,0.0,0.0,0.1302536231884058
T27_Operators,reactor/reactor-core,54,5,10,T28_Subscription,0.3772609819121447,0.2159404650535175,0.29670687382334515,0.7725899100899101,0.8478260869565218,0.8666666666666666,0.8751773049645389,0.1111111111111111,1.0,0.6711455192047036,0.13602941176470587,0.2898841774562472,0.21566228272914936,0.0,0.8,0.8666666666666666,0.8333333333333333,0.0,0.024390243902439025,0.21443089430894308
T28_Subscription,real-logic/aeron,14,5,10,T30_FileConfiguration,0.8176470588235294,0.7084090122717441,0.7610406908031302,0.7893939393939393,0.8400000000000001,0.9455937921727395,0.8892644270933745,0.37412587412587417,1.0,0.7423101478200163,0.13333333333333333,0.19150698308449166,0.16135899719315147,0.6800664451827243,0.01818181818181818,0.9455937921727395,0.47780369484316854,0.125,0.05555555555555555,0.335492347564716
T29_AeronCluster,real-logic/aeron,5,4,10,T30_FileConfiguration,0.9095744680851063,0.8559929995578374,0.8822211670830467,0.86,1.0,1.0,1.0,0.6,1.0,0.86875,0.13761467889908258,0.21759406959414113,0.17521837905529616,0.6644144144144144,0.0,1.0,0.5,0.1111111111111111,0.05405405405405406,0.33239489489489493
T30_FileConfiguration,seata/seata,39,5,10,T31_JadxDecompiler,0.3932291666666667,0.2741997832997363,0.33371831000481167,0.8083245583245584,1.0,0.9333333333333333,0.9666666666666667,0.6666666666666666,1.0,0.8727092352092352,0.16078382633192476,0.317929468419612,0.24413427293019174,0.0,1.0,1.0,1.0,0.0,0.1111111111111111,0.2777777777777778
T31_JadxDecompiler,skylot/jadx,3,2,10,T02_CheckpointCoordinator,0.6147540983606558,0.7167847774780018,0.6657694379193289,0.8166666666666667,1.0,1.0,1.0,0.3333333333333333,1.0,0.775,0.05062253069344555,0.13932526212347704,0.09504746043859312,0.6208918514293862,1.0,0.8333333333333333,0.9166666666666666,0.0,0.45454545454545453,0.4980120484928177
